{
  "algorithm": "PolicyIteration",
  "state_space_size": 25,
  "action_space_size": 4,
  "gamma": 0.98,
  "theta": 0.0001,
  "is_trained": true,
  "value_function": [
    0.8681255332467198,
    0.8858423808639998,
    0.9039207967999998,
    0.9223681599999999,
    0.0,
    0.8858423808639998,
    0.9039207967999998,
    0.9223681599999999,
    0.9411919999999999,
    0.9603999999999999,
    0.9039207967999998,
    0.9223681599999999,
    0.9411919999999999,
    0.9603999999999999,
    0.98,
    0.9223681599999999,
    0.9411919999999999,
    0.9603999999999999,
    0.98,
    1.0,
    0.9411919999999999,
    0.9603999999999999,
    0.98,
    1.0,
    0.0
  ],
  "policy": [
    [
      0.0,
      1.0,
      0.0,
      0.0
    ],
    [
      0.0,
      1.0,
      0.0,
      0.0
    ],
    [
      0.0,
      1.0,
      0.0,
      0.0
    ],
    [
      0.0,
      1.0,
      0.0,
      0.0
    ],
    [
      0.25,
      0.25,
      0.25,
      0.25
    ],
    [
      0.0,
      1.0,
      0.0,
      0.0
    ],
    [
      0.0,
      1.0,
      0.0,
      0.0
    ],
    [
      0.0,
      1.0,
      0.0,
      0.0
    ],
    [
      0.0,
      1.0,
      0.0,
      0.0
    ],
    [
      0.0,
      1.0,
      0.0,
      0.0
    ],
    [
      0.0,
      1.0,
      0.0,
      0.0
    ],
    [
      0.0,
      1.0,
      0.0,
      0.0
    ],
    [
      0.0,
      1.0,
      0.0,
      0.0
    ],
    [
      0.0,
      1.0,
      0.0,
      0.0
    ],
    [
      0.0,
      1.0,
      0.0,
      0.0
    ],
    [
      0.0,
      1.0,
      0.0,
      0.0
    ],
    [
      0.0,
      1.0,
      0.0,
      0.0
    ],
    [
      0.0,
      1.0,
      0.0,
      0.0
    ],
    [
      0.0,
      1.0,
      0.0,
      0.0
    ],
    [
      0.0,
      1.0,
      0.0,
      0.0
    ],
    [
      0.0,
      0.0,
      0.0,
      1.0
    ],
    [
      0.0,
      0.0,
      0.0,
      1.0
    ],
    [
      0.0,
      0.0,
      0.0,
      1.0
    ],
    [
      0.0,
      0.0,
      0.0,
      1.0
    ],
    [
      0.25,
      0.25,
      0.25,
      0.25
    ]
  ],
  "q_function": [
    [
      0.8507630225817854,
      0.8681255332467198,
      0.8507630225817854,
      0.8681255332467198
    ],
    [
      0.8681255332467198,
      0.8858423808639998,
      0.8507630225817854,
      0.8858423808639998
    ],
    [
      0.8858423808639998,
      0.9039207967999998,
      0.8681255332467198,
      0.9039207967999998
    ],
    [
      0.9039207967999998,
      0.9223681599999999,
      0.8858423808639998,
      -3.0
    ],
    [
      -3.0,
      -3.0,
      -3.0,
      -3.0
    ],
    [
      0.8507630225817854,
      0.8858423808639998,
      0.8681255332467198,
      0.8858423808639998
    ],
    [
      0.8681255332467198,
      0.9039207967999998,
      0.8681255332467198,
      0.9039207967999998
    ],
    [
      0.8858423808639998,
      0.9223681599999999,
      0.8858423808639998,
      0.9223681599999999
    ],
    [
      0.9039207967999998,
      0.9411919999999999,
      0.9039207967999998,
      0.9411919999999999
    ],
    [
      -3.0,
      0.9603999999999999,
      0.9223681599999999,
      0.9411919999999999
    ],
    [
      0.8681255332467198,
      0.9039207967999998,
      0.8858423808639998,
      0.9039207967999998
    ],
    [
      0.8858423808639998,
      0.9223681599999999,
      0.8858423808639998,
      0.9223681599999999
    ],
    [
      0.9039207967999998,
      0.9411919999999999,
      0.9039207967999998,
      0.9411919999999999
    ],
    [
      0.9223681599999999,
      0.9603999999999999,
      0.9223681599999999,
      0.9603999999999999
    ],
    [
      0.9411919999999999,
      0.98,
      0.9411919999999999,
      0.9603999999999999
    ],
    [
      0.8858423808639998,
      0.9223681599999999,
      0.9039207967999998,
      0.9223681599999999
    ],
    [
      0.9039207967999998,
      0.9411919999999999,
      0.9039207967999998,
      0.9411919999999999
    ],
    [
      0.9223681599999999,
      0.9603999999999999,
      0.9223681599999999,
      0.9603999999999999
    ],
    [
      0.9411919999999999,
      0.98,
      0.9411919999999999,
      0.98
    ],
    [
      0.9603999999999999,
      1.0,
      0.9603999999999999,
      0.98
    ],
    [
      0.9039207967999998,
      0.9223681599999999,
      0.9223681599999999,
      0.9411919999999999
    ],
    [
      0.9223681599999999,
      0.9411919999999999,
      0.9223681599999999,
      0.9603999999999999
    ],
    [
      0.9411919999999999,
      0.9603999999999999,
      0.9411919999999999,
      0.98
    ],
    [
      0.9603999999999999,
      0.98,
      0.9603999999999999,
      1.0
    ],
    [
      1.0,
      1.0,
      1.0,
      1.0
    ]
  ],
  "convergence_history": [
    {
      "iteration": 0,
      "policy_stable": false,
      "max_value": 0.2657314276696382
    },
    {
      "iteration": 1,
      "policy_stable": false,
      "max_value": 1.0
    },
    {
      "iteration": 2,
      "policy_stable": true,
      "max_value": 1.0
    }
  ],
  "training_history": [
    {
      "episode": 1,
      "reward": 0.8634965330149886,
      "steps": 3
    }
  ]
}