{
  "algorithm": "PolicyIteration",
  "state_space_size": 3,
  "action_space_size": 3,
  "gamma": 0.999999,
  "theta": 1e-05,
  "is_trained": true,
  "value_function": [
    0.999999,
    1.0,
    0.0
  ],
  "policy": [
    [
      1.0,
      0.0,
      0.0
    ],
    [
      0.0,
      1.0,
      0.0
    ],
    [
      0.3333333333333333,
      0.3333333333333333,
      0.3333333333333333
    ]
  ],
  "q_function": [
    [
      0.999999,
      0.999999,
      0.999999
    ],
    [
      -0.3333333333333333,
      1.0,
      0.6666656666666666
    ],
    [
      0.0,
      0.0,
      0.0
    ]
  ],
  "convergence_history": [
    {
      "iteration": 0,
      "policy_stable": false,
      "max_value": 0.16666951130182805
    },
    {
      "iteration": 1,
      "policy_stable": true,
      "max_value": 1.0
    }
  ],
  "training_history": [
    {
      "episode": 1,
      "reward": 0.6666663333333332,
      "steps": 2
    }
  ]
}